address,entity_id,source
33aBBAxym6ZemdxBpRbuh4aogTj8yeDZ8U,illicit_00000,known_funding_address
36L4woumegq8H6LyfZpU27VmG6hNVMuUmB,illicit_00000,known_funding_address
3LuviXQDweRu1HymDs5GV23kf7aCzx9ww1,illicit_00000,known_funding_address
3NMF45E2Jiva41qyvxfofPnRapMPSetggX,illicit_00000,known_funding_address
1APB9oMujFnzAYHftSpWaJBaqTdB29Bdgy,illicit_00002,known_funding_address
151usxSrZiS1dJvTvZyT9woTeMQH2u9EZ5,illicit_00002,known_funding_address
bc1qpadmyk5zfs732537rertvz9puwhhg28gcsz7ju,illicit_00003,known_funding_address
bc1qmmjmhmz0rzme22x6c9yq7eg04sl7nyjyu7h6kj,illicit_00003,known_funding_address
bc1qpv0vv98tyahus2xjv5eh68fdazel8qzsa3w6fm,illicit_00003,known_funding_address
bc1qgmqgtwk2dtx9atg3n73860y8pwv4qvvjsjtyar,illicit_00003,known_funding_address
bc1qkgzesgszetylfujfhpx648m5k3qk2zqdsvj54u,illicit_00003,known_funding_address
bc1qjtjkq8s3kl65sytzvsmlsgfcvm4zalajlfy9zt,illicit_00004,known_funding_address
bc1qmdka0vhl2l3grd4aldkxavu2v3ua7rs7xfpd7v,illicit_00004,known_funding_address
bc1q59x9hu57z73auh6h9sdvf6s9s78nehjxj0jgfw,illicit_00004,known_funding_address
bc1qnkg4qjs98mnf9hfujm6r8sdrnl5q8s3m6el7dv,illicit_00004,known_funding_address
bc1q8z3x2qzzxsakj3spfv24qcnwvxazdtx7tp6j2d,illicit_00004,known_funding_address
bc1q8g3mulqplxvkxmqcf57k39g5tk39vtlaqa647f,illicit_00008,known_funding_address
bc1qt3lu0k9mzu3q72au4yn8rhuk7vrnxulayslcdd,illicit_00008,known_funding_address
bc1q893n87fluqjsel90lxuqmyeu7yu5r0p8c7f3v5,illicit_00008,known_funding_address
bc1q2zam24ltlg5637ylqddxhj5dmm5xnj3xfdhacp,illicit_00008,known_funding_address
bc1qfaxgh6fx74xhauq53zwgkfxxnf26wt4jhh0ql4,illicit_00008,known_funding_address
bc1qzje8u39zn2j4lqhpua6r8mmcdezgwd4a7f4lgf,illicit_00014,known_funding_address
bc1qv95cfavhheqnemm8g82ftzcfq0qe2fqfv25d3j,illicit_00014,known_funding_address
bc1q08hlhkdpcmc9k63x9q77tcpg7ydkgz4tc8mcwy,illicit_00014,known_funding_address
bc1qupmu7m8j2k3zq5d8flnr77z646ymuzrc74y90u,illicit_00014,known_funding_address
bc1qwpt50zk6aw4wn7y44uj5axdsu469s9dldfkumc,illicit_00014,known_funding_address
18xcHJN5pPBcUvTFD1YcUUrCmnRjNPYkge,illicit_00015,known_funding_address
15kstyUBVsj84U2xjcS2h2Nvb4rcJCPuJJ,illicit_00015,known_funding_address
156HoDo2FGP1CM39BQMXCZXBezDVQdGSVA,illicit_00015,known_funding_address
3LRCjhsZNtXKep76zLVW6NtEpsNn86v5cr,illicit_00021,known_funding_address
3PxZ8KfPnCqGXGUEDUFAwhgdMwD4sw3rei,illicit_00021,known_funding_address
33ZpiRs4Rv7GfFUx71aiT8K4BCLPj5zAxR,illicit_00021,known_funding_address
33mJp9pDqz6TDiqz3GSD76S8J5VgnyPPWh,illicit_00021,known_funding_address
bc1q9h7gdd83yj0pqj9z3dpevh0qxaytcyt35z4av7,illicit_00022,known_funding_address
bc1q460lg03w88j96486l73rf5ev5swlfdtmewxkj5,illicit_00022,known_funding_address
bc1q9d0u2zprnd33k4an60wlv25eptl0zdulqt6wpd,illicit_00023,known_funding_address
bc1qhv35e2nhpjuazstpnrskk7w2nrxs7r85zjv6r7,illicit_00023,known_funding_address
1iXA46r3ifjRzo9gUmHSyh2p5AfoxEgkq,illicit_00024,known_funding_address
1GFJfADR7yvn2eDkg7XhDAJXCB6eASWQQ1,illicit_00024,known_funding_address
18pdVPmW7ewu6XaxYvHWc4Sk1kfSPoWmpW,illicit_00024,known_funding_address
